num_id,d_date,title
1033,2020-07-22,Maryland Terps Face Mask (Olson Style) - Elastic Head Band w/ Filter Pocket - Unisex in One Adult Size - UMD Bandana Testudo - Collegiate
1035,2020-07-22,Maryland Terps Face Mask (Olson Style) - Elastic Head Band w/ Filter Pocket - Unisex in One Adult Size - UMD Bandana Testudo - Collegiate
1038,2020-07-27,U.S. Army Face Mask (Olson Style) - Elastic Head Band w/ Filter Pocket - Unisex Mask in One Adult Size - Support Our Military Mask
1040,2020-07-27,NFL New England Patriots Face Mask (Olson Style) - Cotton Twill Ties w/ Filter Pocket - Unisex Mask in One Adult Size - One of a Kind Mask
1041,2020-07-27,Black Gray Check Face Mask (Olson Style) - Cotton Twill Ties w/ Filter Pocket - Unisex Mask in One Adult Size - Unique Mask
1080,2020-08-18,Hand Painted 3D - Save Our Post - Face Mask - Over Head T Shirt Tie w Adjustable Cord Lock - 3-Ply Layer - USPS Office Service - Mail Vote
1094,2020-08-19,Golden Retriever Dogs Necktie - Cotton Pocket for Credit Card - Unisex Necktie in One Adult Size - Celebrating Cute Dog Animals
1098,2020-08-19,NFL Philadelphia Eagles Necktie - Cotton Pocket for Credit Cards - Unisex Necktie in One Adult Size - Unique One of a Kind Necktie
1104,2020-08-20,Blue Coral Lines Shell Necktie - Cotton Pocket for Credit Card - Unisex Necktie in One Adult Size - Unique One of A Kind Necktie
1106,2020-08-20,Red & White Candy Cane Stripes Necktie - Cotton Pocket for Credit Card - Unisex Necktie in One Adult Size - Ugly Christmas Party Necktie
1113,2020-08-27,Seattle Seahawks 3D Face Mask - Hand Painted - Adult Over Head T-Shirt Ties w/ Adjustable Cord Lock - Nose Wire Pocket - 3 Cotton Layer
1136,2020-08-28,"Save Our Post (Office) 3D Face Mask l Save The USPS - Vote by Mail - Hand Painted, 3 Layer, Over Head T-Shirt Tie w/ Adjustable Cord Lock"
1152,2020-09-02,"Sheet Music Note Face Mask l Large Notes, Olson Style, Nose Wire, Filter Pocket, 2 Layer Cotton, Over Head Elastic, Music Lover, Black Notes"
1158,2020-09-04,"3D Sydney Opera House Harbor Face Mask l Australia, CHOOSE Over The Head/Ear Loop, Hand Painted, Nose Wire, Filter Pocket, 3 Layer Cotton"
1174,2020-09-06,"3D Don&#39;t Relax, Wear a Mask Face Mask l CHOOSE Over The Head/Ear Loop, Hand Painted, Nose Wire, Use Your Head, Slow The Spread, COVID"
1175,2020-09-06,"3D Only You Can Stop The Virus Face Mask l CHOOSE Over The Head/Ear Loop, Hand Painted, Nose Wire, Filter Pocket, 3 Layers, Smokey Bear"
1176,2020-09-06,"3D Save Our Post (Office) Face Mask l CHOOSE Over The Head/Ear Loop, Hand Painted, Nose Wire, Filter Pocket, Save The USPS, Vote by Mail"
1185,2020-09-07,"Rainbow Plaid Face Mask l CHOOSE Over The Head/Ear Loop, Olson Style, Nose Wire, Filter Pocket, 2 Layer Cotton, Colorful Crosshatch"
1193,2020-09-08,"Sheet Music Note (1) Face Mask l CHOOSE Over The Head/Ear Loop, Olson Style, Nose Wire, Filter Pocket, 2 Layer Cotton, Music Lover"
1204,2020-09-12,"Black & Gray Plaid Flannel Face Mask l CHOOSE Over The Head/Ear Loop, Olson Style, Nose Wire, Filter Pocket, 2 Layer Cotton, Buffalo Checker"
1208,2020-09-13,"Black & Gray Plaid Flannel Face Mask l CHOOSE Over The Head/Ear Loop, Olson Style, Nose Wire, Filter Pocket, 2 Layer Cotton, Buffalo Checker"
1215,2020-09-16,"Black & Gray Plaid Flannel Face Mask l CHOOSE Over The Head/Ear Loop, Olson Style, Nose Wire, Filter Pocket, 2 Layer Cotton, Buffalo Checker"
1221,2020-09-17,"Fireman Face Mask l CHOOSE Over The Head/Ear Loop, Firefighter, Red Truck, Dalmatian, Rescue Hose, Olson Style, Nose Wire, Filter Pocket"
1222,2020-09-17,"Blue and White Crosshatch Face Mask l CHOOSE Over The Head/Ear Loop, Olson Style, Nose Wire, Filter Pocket, 2 Layer Cotton"
1223,2020-09-17,"Golden Retriever Dog Face Mask l CHOOSE Over The Head/Ear Loop, Olson Style, Nose Wire, Filter Pocket, 2 Layer Cotton, Celebrate Cute Animal"
1231,2020-09-17,"Golden Pine Needles Face Mask l CHOOSE Over The Head/Ear Loop, Olson Style, Nose Wire, Filter Pocket, 2 Layer Cotton, Gold Pine Leaves"
1233,2020-09-17,"Blue and White Crosshatch Face Mask l CHOOSE Over The Head/Ear Loop, Olson Style, Nose Wire, Filter Pocket, 2 Layer Cotton"
1340,2020-10-04,"Snowflakes Falling 3D Ugly Christmas Face Mask l CHOOSE Over The Head/Ear Loop, 4 Layers, Hand Painted, Nose Wire, Filter Pocket, Winter Air"
1341,2020-10-04,"Sheet Music Notes 3D Face Mask l CHOOSE Over The Head/Ear Loop, 4 Layers, Hand Painted, Nose Wire, Filter Pocket, Musician Performance"
1342,2020-10-04,"Halloween Orange and Black Spider Webs Face Mask l CHOOSE Over The Head/Ear Loop, 4 Layer, Hand Painted, Nose Wire, Spooky Scary Cobwebs"
1343,2020-10-04,"Rainbow Cats 3D Face Mask l CHOOSE Over The Head/Ear Loop, 4 Layers, Hand Painted, Nose Wire, Filter Pocket, Cute Animals, Whiskers Art"
1344,2020-10-04,"Red Reindeer, Tree Plaid Stripe 3D Ugly Christmas Face Mask l CHOOSE Over The Head/Ear Loop, 4 Layer, Hand Painted, Nose Wire, Filter Pocket"
1346,2020-10-04,"Rainbow Cats 3D Face Mask l CHOOSE Over The Head/Ear Loop, 4 Layers, Hand Painted, Nose Wire, Filter Pocket, Cute Animals, Whiskers Art"
1347,2020-10-04,"Snowflakes Falling 3D Ugly Christmas Face Mask l CHOOSE Over The Head/Ear Loop, 4 Layers, Hand Painted, Nose Wire, Filter Pocket, Winter Air"
1348,2020-10-04,"Sheet Music Notes 3D Face Mask l CHOOSE Over The Head/Ear Loop, 4 Layers, Hand Painted, Nose Wire, Filter Pocket, Musician Performance"
1349,2020-10-04,"Halloween Orange and Black Spider Webs Face Mask l CHOOSE Over The Head/Ear Loop, 4 Layer, Hand Painted, Nose Wire, Spooky Scary Cobwebs"
1350,2020-10-04,"Red Reindeer, Tree Plaid Stripe 3D Ugly Christmas Face Mask l CHOOSE Over The Head/Ear Loop, 4 Layer, Hand Painted, Nose Wire, Filter Pocket"
1351,2020-10-04,"Blue and White Plaid Crosshatch Face Mask l CHOOSE Over The Head/Ear Loop, Olson Style, Nose Wire, Filter Pocket, 2 Layer Cotton"
1352,2020-10-04,"Sheet Music Notes Face Mask (2) l CHOOSE Over The Head/Ear Loop, Olson Style, Nose Wire, Filter Pocket, 2 Layer Cotton, Music Lover"
1365,2020-10-05,"Fireman Face Mask l CHOOSE Over The Head/Ear Loop, Firefighter, Red Truck, Dalmatian, Rescue Hose, Olson Style, Nose Wire, Filter Pocket"
1373,2020-10-06,"Colorful Nutcrackers Soldiers 3D Ugly Christmas Face Mask l CHOOSE Over The Head/Ear Loop, 4 Layers, Hand Painted, Nose Wire, Filter Pocket"
1380,2020-10-08,"Candy Cane Stripes Ugly Christmas Face Mask l CHOOSE Over The Head/Ear Loop, Olson Style, Nose Wire, Filter Pocket, 2 Layer Cotton, Winter"
1388,2020-10-09,"Fireman Face Mask l CHOOSE Over The Head/Ear Loop, Firefighter, Red Truck, Dalmatian, Rescue Hose, Olson Style, Nose Wire, Filter Pocket"
1395,2020-10-10,"Colorful Holiday Ballet Nutcrackers Soldiers 3D Ugly Christmas Face Mask l CHOOSE Over The Head/Ear Loop, 4 Layer, Nose Wire, Filter Pocket"
1402,2020-10-11,"Black White Atomic Geometric Webs 3D Face Mask l CHOOSE Over The Head/Ear Loop, 4 Layer, Nose Wire, Halloween Spooky Cobweb, Art Deco"
1407,2020-10-11,"Black White Atomic Geometric Webs 3D Face Mask l CHOOSE Over The Head/Ear Loop, 4 Layer, Nose Wire, Halloween Spooky Cobweb, Art Deco"
1417,2020-10-11,"Colorful Holiday Ballet Nutcrackers Soldiers 3D Ugly Christmas Face Mask l CHOOSE Over The Head/Ear Loop, 4 Layer, Nose Wire, Filter Pocket"
1423,2020-10-12,"Snowflakes Falling 3D Ugly Christmas Face Mask l CHOOSE Over The Head/Ear Loop, 4 Layers, Nose Wire, Filter Pocket, Winter Air, Snowy Wood"
1424,2020-10-12,"Dancing Jolly Red Santa Claus 3D Ugly Christmas Face Mask l CHOOSE Over The Head T Shirt Tie/Ear Loop, 4 Layers, Nose Wire, Peppermint Snow"
1446,2020-10-15,"Snowflakes Falling 3D Ugly Christmas Face Mask l CHOOSE Over The Head/Ear Loop, 4 Layers, Nose Wire, Filter Pocket, Winter Air, Snowy Wood"
1455,2020-10-15,"Green Christmas Trees 3D Ugly Christmas Face Mask l CHOOSE Over The Head T Shirt Tie/Ear Loop, 4 Layers, Nose Wire, Cold Winter Evergreen"
1457,2020-10-15,"Let It Snow 3D Ugly Christmas Face Mask l CHOOSE Over The Head T Shirt Tie T Shirt Tie/Ear Loop, 4 Layer, Nose Wire, Winter Wonderland"
1470,2020-10-16,"Red Crabs Face Mask l CHOOSE Over The Head T Shirt Tie/Ear Loop, Olson Style, Nose Wire, Filter Pocket, 2 Layer, Maryland Pride Crab Feast"
1474,2020-10-18,"Evergreen Christmas Trees 3D Ugly Christmas Face Mask l CHOOSE Over The Head T Shirt Tie/Ear Loop, 4 Layers, Nose Wire, Cold Winter"
1475,2020-10-18,"Dancing Red Santa Claus 3D Ugly Christmas Face Mask l CHOOSE Over The Head T Shirt Tie/Ear Loop, 4 Layers, Nose Wire, Peppermint Snow Jolly"
1477,2020-10-18,"Autumn Fall Leaves 3D Face Mask l CHOOSE Over The Head T Shirt Tie/Ear Loop, 4 Layer, Hand Painted, Nose Wire, Beautiful Mouth, Crisp Air"
1478,2020-10-18,"Southwestern Horses 3D Face Mask l CHOOSE Over The Head T Shirt Tie/Ear Loop, 4 Layer, Nose Wire, Cute Outdoor Stallion, Horseback Jockey"
1479,2020-10-18,"Let It Snow 3D Ugly Christmas Face Mask l CHOOSE Over The Head T Shirt Tie T Shirt Tie/Ear Loop, 4 Layer, Nose Wire, Winter Wonderland"
1493,2020-10-20,"Let It Snow 3D Ugly Christmas Face Mask l CHOOSE Over The Head T Shirt Tie T Shirt Tie/Ear Loop, 4 Layer, Nose Wire, Winter Wonderland"
1501,2020-10-21,"Let It Snow 3D Ugly Christmas Face Mask l CHOOSE Over The Head T Shirt Tie T Shirt Tie/Ear Loop, 4 Layer, Nose Wire, Winter Wonderland"
1504,2020-10-21,"Only You Can Stop The Virus 3D Face Mask l CHOOSE Over The Head T Shirt Tie/Ear Loop, 4 Layers, Hand Painted, Nose Wire, Smokey Bear"
1514,2020-10-24,"Evergreen Christmas Trees Ugly Christmas Face Mask (Olson Style) l CHOOSE Over The Head Tie/Ear Loop, Nose Wire, Pine Winter, Snowy Conifers"
1525,2020-10-24,"Winter Nutcracker Soldiers 3D Ugly Christmas Face Mask l CHOOSE Over The Head/Ear Loop, 4 Layer, Nose Wire, Filter Pocket, Holiday Ballet"
1529,2020-10-24,"Cute Dog Face 3D Face Mask l CHOOSE Over The Head T Shirt Tie/Ear Loop, 4 Layers, Hand Painted, Nose Wire, Beautiful Animal, Tongue"
1536,2020-10-25,"Winter Nutcracker Soldiers 3D Ugly Christmas Face Mask l CHOOSE Over The Head/Ear Loop, 4 Layer, Nose Wire, Filter Pocket, Holiday Ballet"
1544,2020-10-26,"Pop Art Kittens 3D Origami Face Mask l Cute Kitty Cat Ears, CHOOSE Over The Head T Shirt Tie/Ear Loop, 4 Layers, Nose Wire, Filter Pocket"
1545,2020-10-26,"Winter Nutcracker Soldiers 3D Ugly Christmas Face Mask l CHOOSE Over The Head/Ear Loop, 4 Layer, Nose Wire, Filter Pocket, Holiday Ballet"
1553,2020-10-26,"Rome Italy Skyline View 3D Face Mask l CHOOSE Over The Head T Shirt Tie/Ear Loop, 4 Layer, Hand Painted, Nose Wire, Colosseum, Pisa Tower"
1560,2020-10-27,"Winter Nutcracker Soldiers 3D Ugly Christmas Face Mask l CHOOSE Over The Head/Ear Loop, 4 Layer, Nose Wire, Filter Pocket, Holiday Ballet"
1563,2020-10-27,"Snowflake Falling 3D Origami Ugly Christmas Face Mask l CHOOSE Over The Head/Ear Loop, 4 Layer, Nose Wire, Filter Pocket, Snow Winter Woods"
1566,2020-10-28,"Colorful Butterflies 3D Face Mask l CHOOSE Over The Head T Shirt Tie/Ear Loop, 4 Layers, Nose Wire, Filter Pocket, Cute Flying Creature"
1567,2020-10-28,"Evergreen Christmas Trees 3D Ugly Christmas Face Mask l CHOOSE Over The Head Tie/Ear Loop, 4 Layers, Nose Wire, Pine Winter, Snowy Conifers"
1568,2020-10-28,"Winter Green Plaid Stripes 3D Origami Ugly Christmas Face Mask l CHOOSE Over The Head T Shirt Tie/Ear Loop, 4 Layer, Sweater Holiday"
1569,2020-10-28,"Black Plaid 3D Origami Ugly Christmas Face Mask l CHOOSE Over The Head T Shirt Tie/Ear Loop, 4 Layer, Buffalo Checker,Winter Sweater Holiday"
1584,2020-10-29,"Sheet Music (Large) Notes Necktie l Credit Card Pocket, Business Occasion, Groomsmen Adult, Unisex Necktie, Novelty Men&#39;s Gift, Choir, Band"
1593,2020-10-29,"Evergreen Christmas Trees 3D Ugly Christmas Face Mask l CHOOSE Over The Head Tie/Ear Loop, 4 Layers, Nose Wire, Pine Winter, Snowy Conifers"
1608,2020-10-30,"Reindeer & Tree Plaid 3D Ugly Christmas Face Mask l CHOOSE Over The Head/Ear Loop, 4 Layer, Nose Wire, Filter Pocket, Sweater, Red Green"
1616,2020-10-31,"Let It Snow 3D Ugly Christmas Face Mask l CHOOSE Over The Head T Shirt Tie T Shirt Tie/Ear Loop, 4 Layer, Nose Wire, Winter Wonderland"
1634,2020-11-01,"Colorful Butterflies 3D Face Mask l CHOOSE Over The Head T Shirt Tie/Ear Loop, 4 Layers, Nose Wire, Filter Pocket, Cute Flying Creature"
1635,2020-11-01,"Winter Evergreen Golden Trees 3D Ugly Christmas Face Mask l CHOOSE Over The Head Tie/Ear Loop, 4 Layers, Nose Wire, Pine Branch Conifers"
1637,2020-11-01,"Valentine Red Roses Flower 3D Origami Face Mask l CHOOSE Over The Head T Shirt Tie/Ear Loop, 4 Layers, Nose Wire, Filter Pocket, Garden Love"
1638,2020-11-01,"Black White Geometric Web 3D Origami Face Mask l CHOOSE Over The Head/Ear Loop, 4 Layer, Nose Wire, Filter Pocket, Halloween Art Deco"
1646,2020-11-01,"Let It Snow 3D Ugly Christmas Face Mask l CHOOSE Over The Head T Shirt Tie T Shirt Tie/Ear Loop, 4 Layer, Nose Wire, Winter Wonderland"
1653,2020-11-01,"Reindeer & Tree Plaid 3D Ugly Christmas Sweater Face Mask l CHOOSE Over The Head/Ear Loop, 4 Layer, Nose Wire, Filter Pocket, Red Green"
1655,2020-11-01,"Blue Winter Magic Snowman 3D Ugly Christmas Face Mask l CHOOSE Over The Head Tie/Ear Loop, 4 Layers, Nose Wire, Snowball Statue Wonderland"
1663,2020-11-03,"Green Ornament Silver Bell Ribbon 3D Ugly Christmas Face Mask l CHOOSE Over The Head T Shirt Tie/Ear Loop, 4 Layer, Nose Wire, Filter Pocket"
1670,2020-11-04,"Winter Nutcracker Soldiers 3D Ugly Christmas Face Mask l CHOOSE Over The Head/Ear Loop, 4 Layer, Nose Wire, Filter Pocket, Holiday Ballet"
1680,2020-11-07,"Let It Snow 3D Origami Ugly Christmas Face Mask l CHOOSE Over The Head T Shirt Tie T Shirt Tie/Ear Loop, 4 Layers, Nose Wire, Winter Snow"
1686,2020-11-08,"Black White Geometric Spider Web 3D Origami Face Mask l CHOOSE Over The Head/Ear Loop, 4 Layers, Nose Wire, Filter Pocket, Art Deco"
1687,2020-11-08,"Black Plaid Winter 3D Ugly Christmas Sweater Face Mask l CHOOSE Over The Head T Shirt Tie/Ear Loop, 4 Layer, Nose Wire, Filter Pocket"
1724,2020-11-12,"Dancing Red Santa Claus 3D Ugly Christmas Face Mask l CHOOSE Over The Head T Shirt Tie/Ear Loop, 4 Layers, Nose Wire, North Pole St Nicholas"
1731,2020-11-12,"Winter Wooden Nutcracker Soldier 3D Ugly Christmas Face Mask l Holiday Ballet, CHOOSE Over The Head T Shirt Tie/Ear Loop, 4 Layer, Nose Wire"
1742,2020-11-13,"Colorful Butterflies 3D Origami Face Mask l CHOOSE Over The Head T Shirt Tie/Ear Loop, 4 Layers, Nose Wire, Filter Pocket, Flying Creatures"
1749,2020-11-13,"Dancing Red Santa Claus 3D Ugly Christmas Face Mask l CHOOSE Over The Head T Shirt Tie/Ear Loop, 4 Layers, Nose Wire, North Pole St Nicholas"
1752,2020-11-13,"Let It Snow 3D Origami Ugly Christmas Face Mask l CHOOSE Over The Head T Shirt Tie T Shirt Tie/Ear Loop, 4 Layers, Nose Wire, Winter Snow"
1762,2020-11-16,"Winter Wooden Nutcracker Soldier 3D Ugly Christmas Face Mask l Holiday Ballet, CHOOSE Over The Head T Shirt Tie/Ear Loop, 4 Layer, Nose Wire"
1775,2020-11-17,"Blue Winter Magic Snowman 3D Origami Ugly Christmas Face Mask l CHOOSE Over The Head Tie/Ear Loop, 4 Layers, Nose Wire, Snowball Statue"
1776,2020-11-17,"Peacock Bird Inspired Feathers 3D Face Mask l CHOOSE Over The Head T Shirt Tie/Ear Loop, 4 Layers, Nose Wire, Beautiful Fashion Art, Teal"
1780,2020-11-17,"Southwestern Stallion Horses 3D Face Mask l CHOOSE Over The Head T Shirt Tie/Ear Loop, 4 Layer, Nose Wire, Beautiful Farm Animal Race"
1781,2020-11-17,"Black Plaid Winter 3D Ugly Christmas Sweater Face Mask l CHOOSE Over The Head T Shirt Tie/Ear Loop, 4 Layer, Nose Wire, Filter Pocket"
1785,2020-11-17,"Colorful Hanging Sloths 3D Origami Face Mask l CHOOSE Over The Head T Shirt Tie/Ear Loop, 4 Layers, Nose Wire, Filter Pocket, Tree Animals"
1787,2020-11-17,"Winter Garden Gnomes 3D Ugly Christmas Face Mask l CHOOSE Over The Head/Ear Loop, 4 Layer, Nose Wire, Filter Pocket, Holiday Snow Wonderland"
1795,2020-11-19,"Colorful Butterflies 3D Origami Face Mask l CHOOSE Over The Head T Shirt Tie/Ear Loop, 4 Layers, Nose Wire, Filter Pocket, Flying Creatures"
1803,2020-11-19,"Winter Wooden Nutcracker Soldier 3D Ugly Christmas Face Mask l Holiday Ballet, CHOOSE Over The Head T Shirt Tie/Ear Loop, 4 Layer, Nose Wire"
1847,2020-11-21,"Winter Garden Gnomes 3D Ugly Christmas Face Mask l CHOOSE Over The Head/Ear Loop, 4 Layer, Nose Wire, Filter Pocket, Holiday Snow Wonderland"
1853,2020-11-22,"Red Lipstick Fashion Lips 3D Face Mask l CHOOSE Over The Head T Shirt Tie/Ear Loop, 4 Layers, Hand Painted, Nose Wire, Filter Pocket"
1860,2020-11-22,"Blue Winter Magic Snowman 3D Origami Ugly Christmas Face Mask l CHOOSE Over The Head Tie/Ear Loop, 4 Layers, Nose Wire, Snowball Statue"
1866,2020-11-23,"Colorful Butterflies 3D Origami Face Mask l CHOOSE Over The Head T Shirt Tie/Ear Loop, 4 Layers, Nose Wire, Filter Pocket, Flying Creatures"
1873,2020-11-23,"Southwestern Stallion Horses 3D Face Mask l CHOOSE Over The Head T Shirt Tie/Ear Loop, 4 Layer, Nose Wire, Beautiful Farm Animal Race"
1877,2020-11-23,"Chocolate Donut 3D Origami Face Mask l CHOOSE Over The Head T Shirt Tie/Ear Loop, 4 Layer, Nose Wire, Filter Pocket, Doughnut Sprinkle Lover"
1884,2020-11-24,"Winter Wooden Nutcracker Soldier 3D Ugly Christmas Face Mask l Holiday Ballet, CHOOSE Over The Head T Shirt Tie/Ear Loop, 4 Layer, Nose Wire"
1891,2020-11-24,"Winter Garden Gnomes 3D Ugly Christmas Face Mask l CHOOSE Over The Head/Ear Loop, 4 Layer, Nose Wire, Filter Pocket, Holiday Snow Wonderland"
1899,2020-11-24,"6 Feet Social Distance 3D Face Mask l CHOOSE Over The Head T Shirt Tie/Ear Loop, 4 Layer, Hand Painted, Nose Wire, COVID Pandemic, Health"
1902,2020-11-24,"Golden Retrievers Dogs Fitted Face Mask (Olson Style) l CHOOSE Over The Head Tie/Ear Loop, Nose Wire, 3 Layers, Filter Pocket, Cute Doggy"
1903,2020-11-24,"Mermaid Tail Scales 3D Origami Face Mask l CHOOSE Over The Head T Shirt Tie/Ear Loop, 4 Layer, Nose Wire, Underwater Fish Creature"
1905,2020-11-24,"Pink Bridal 3D Flower Fitted Face Mask (Olson Style) l CHOOSE Over The Head Tie/Ear Loop, Nose Wire, 3 Layers, Filter Pocket, Wedding Daisy"
1906,2020-11-24,"Colorful Hanging Sloths 3D Origami Face Mask l CHOOSE Over The Head T Shirt Tie/Ear Loop, 4 Layers, Nose Wire, Filter Pocket, Tree Animals"
1907,2020-11-24,"Winter Green Plaid Stripe 3D Ugly Christmas Sweater Face Mask l CHOOSE Over The Head T Shirt Tie/Ear Loop, 4 Layer, Nose Wire, Filter Pocket"
1908,2020-11-24,"Musician Music Note 3D Face Mask l CHOOSE Over The Head T Shirt Tie/Ear Loop, 4 Layer, Nose Wire, Filter Pocket, Musical Performance Recital"
1919,2020-11-25,"Southwestern Stallion Horses 3D Face Mask l CHOOSE Over The Head T Shirt Tie/Ear Loop, 4 Layer, Nose Wire, Beautiful Farm Animal Race"
1926,2020-11-26,"Winter Garden Gnomes 3D Ugly Christmas Face Mask l CHOOSE Over The Head/Ear Loop, 4 Layer, Nose Wire, Filter Pocket, Holiday Snow Wonderland"
1940,2020-11-27,"Singing Flying Golden Angels 3D Ugly Christmas Face Mask l CHOOSE Over The Head Tie/Ear Loop, 4 Layers, Nose Wire, Winter Holiday Carols"
1947,2020-11-27,"Singing Flying Golden Angels 3D Ugly Christmas Face Mask l CHOOSE Over The Head Tie/Ear Loop, 4 Layers, Nose Wire, Winter Holiday Carols"
1955,2020-11-27,"Winter Garden Gnomes 3D Ugly Christmas Face Mask l CHOOSE Over The Head/Ear Loop, 4 Layer, Nose Wire, Filter Pocket, Holiday Snow Wonderland"
1960,2020-11-28,"Singing Flying Golden Angels 3D Ugly Christmas Face Mask l CHOOSE Over The Head Tie/Ear Loop, 4 Layers, Nose Wire, Winter Holiday Carols"
1966,2020-11-29,"Snowflake Falling Ugly Christmas Fitted Face Mask (Olson Style) l CHOOSE Over The Head Tie/Ear Loop, Cyber Day Week Sale"
1970,2020-11-29,"Blue Winter Snowman 3D Origami Ugly Christmas Face Mask l CHOOSE Over The Head Tie/Ear Loop, Cyber Day Week Sale"
1990,2020-12-01,"Blue Winter Snowman 3D Origami Face Mask l Ugly Christmas Winter, CHOOSE Over The Head Tie/Ear Loop, Cyber Day Week Sale"
1996,2020-12-01,"Sheet Music (Small) Notes Necktie l Credit Card Pocket, Business Occasion, Groomsmen Adult, Unisex Necktie, Novelty Men&#39;s Gift, Choir, Band"
2007,2020-12-03,"Golden Retrievers Dogs Fitted Face Mask (Olson Style) l CHOOSE Over The Head Tie/Ear Loop, Filter Pocket, Nose Wire Pocket"
2010,2020-12-03,"Sheet Music (Large) Notes Necktie l Credit Card Pocket, Business Occasion, Groomsmen Adult, Unisex Necktie, Novelty Men&#39;s Gift, Choir, Band"
2018,2020-12-06,"Blue Winter Snowman 3D Origami Face Mask l Ugly Christmas Winter, CHOOSE Over The Head Tie/Ear Loop, Filter Pocket, Nose Wire Pocket"
2022,2020-12-06,"Winter Green Plaid Stripe 3D Origami Face Mask l Ugly Christmas Winter, CHOOSE Over The Head T Shirt Tie/Ear Loop, Filter Pocket"
2029,2020-12-07,"Black German Shepard Dogs Fitted Face Mask (Olson Style) l CHOOSE Over The Head Tie/Ear Loop, Filter Pocket, Nose Wire Pocket"
2035,2020-12-07,"Reindeer & Tree Plaid Fitted Face Mask (Olson Style) l Ugly Christmas Winter, CHOOSE Over The Head Tie/Ear Loop, Filter Pocket"
2036,2020-12-07,"Winter Green Plaid Stripe Fitted Face Mask (Olson Style) l Ugly Christmas Winter, CHOOSE Over The Head Tie/Ear Loop, Filter Pocket"
2037,2020-12-07,"Pop Art Cats Kittens Fitted Face Mask (Olson Style) l CHOOSE Over The Head Tie/Ear Loop, Filter Pocket, Nose Wire Pocket"
2039,2020-12-07,"Winter Garden Gnomes Fitted Face Mask (Olson Style) l Ugly Christmas Winter, CHOOSE Over The Head Tie/Ear Loop, Filter Pocket"
2048,2020-12-08,"Motor Vehicles Fitted Face Mask (Olson Style) l CHOOSE Over The Head Tie/Ear Loop, Filter Pocket, Nose Wire Pocket"
2053,2020-12-08,"Evergreen Christmas Trees Fitted Face Mask (Olson Style) l Ugly Christmas Winter, CHOOSE Over The Head Tie/Ear Loop, Filter Pocket"
2056,2020-12-08,"Magenta Yellow Wild Tigers 3D Origami Face Mask l CHOOSE Over The Head T Shirt Tie/Ear Loop, Filter Pocket, Nose Wire Pocket"
2058,2020-12-08,"Pop Art Kittens 3D Origami Face Mask l Cute Kitty Cat Ears, CHOOSE Over The Head T Shirt Tie/Ear Loop, Filter Pocket, Nose Wire Pocket"
2059,2020-12-08,"Valentine Red Blooming Roses 3D Origami Face Mask l CHOOSE Over The Head T Shirt Tie/Ear Loop, Filter Pocket, Nose Wire Pocket"
2068,2020-12-09,"Black German Shepard Dogs 3D Origami Face Mask l CHOOSE Over The Head T Shirt Tie/Ear Loop, Filter Pocket, Nose Wire Pocket"
2080,2020-12-13,"Pop Art Kittens 3D Origami Face Mask l Cute Kitty Cat Ears, CHOOSE Over The Head T Shirt Tie/Ear Loop, Filter Pocket, Nose Wire Pocket"
2097,2020-12-14,"Snowflake Falling Fitted Face Mask (Olson Style) l Ugly Christmas Winter, CHOOSE Over The Head Tie/Ear Loop, Filter Pocket, Nose Wire Pocket"
2103,2020-12-14,"Winter Ballet Nutcracker Soldier 3D Origami Face Mask l Ugly Holiday Christmas, CHOOSE Over Head T Shirt Tie/Ear Loop, Filter Pocket"
2126,2020-12-15,"Pug Dogs 3D Origami Face Mask l CHOOSE Over The Head T Shirt Tie/Ear Loop, Filter Pocket, Nose Wire Pocket"
2137,2020-12-17,"Pink Flamingo Fitted Face Mask (Olson Style) l Ugly Christmas Winter, CHOOSE Over The Head Tie/Ear Loop, Filter Pocket, Nose Wire Pocket"
2139,2020-12-17,"Black White Geometric Spider Web Fitted Face Mask (Olson Style) l CHOOSE Over The Head Tie/Ear Loop, Filter Pocket, Nose Wire Pocket"
2147,2020-12-18,"Pop Art Kittens 3D Origami Face Mask l Cute Kitty Cat Ears, CHOOSE Over The Head T Shirt Tie/Ear Loop, Filter Pocket, Nose Wire Pocket"
2157,2020-12-22,"Florals 3D Origami Face Masks l CHOOSE Over The Head/Ear Loop—Soft Comfortable Cotton—Quadruple Layers—Filter, Nose Wire & Chin Pockets"
2164,2020-12-26,"Valentine&#39;s 3D Origami Face Masks l CHOOSE Over The Head/Ear Loop—Soft Comfortable Cotton—Quadruple Layers—Filter, Nose Wire & Chin Pockets"
2169,2020-12-27,"Pop Art Cats Kittens Fitted Face Mask (Olson Style) l CHOOSE Over The Head Tie/Ear Loop, Filter Pocket, Nose Wire Pocket"
2177,2020-12-28,"Southwestern Stallion Horses Fitted Face Mask (Olson Style) l CHOOSE Over The Head Tie/Ear Loop, Filter Pocket, Nose Wire Pocket"
2180,2020-12-28,"Valentine&#39;s 3D Origami Face Masks l CHOOSE Over The Head/Ear Loop—Soft Comfortable Cotton—Quadruple Layers—Filter, Nose Wire & Chin Pockets"
2181,2020-12-28,"Valentine&#39;s 3D Origami Face Masks l CHOOSE Over The Head/Ear Loop—Soft Comfortable Cotton—Quadruple Layers—Filter, Nose Wire & Chin Pockets"
2203,2021-01-03,"Colorful Butterflies Fitted Face Mask (Olson Style) l CHOOSE Over The Head Tie/Ear Loop, Filter Pocket, Nose Wire Pocket"
2205,2021-01-03,"Yellow Floral and Daisy Fitted Face Mask (Olson Style) l CHOOSE Over The Head Tie/Ear Loop, Filter Pocket, Nose Wire Pocket"
2241,2021-01-04,"Neapolitan 3D Origami Face Masks l CHOOSE Over The Head/Ear Loop—Soft Comfortable Cotton—Quadruple Layers—Filter, Nose Wire & Chin Pockets"
2250,2021-01-05,"Saint Patrick&#39;s Green Stripes 3D Origami Face Mask l CHOOSE Over The Head/Ear Loop—Soft—Quadruple Layers—Filter, Nose Wire & Chin Pockets"
2251,2021-01-05,"Blue Snowmen 3D Origami Face Mask l CHOOSE Over The Head/Ear Loop—Soft Cotton—Quadruple Layers—Filter, Nose Wire & Chin Pockets"
2262,2021-01-05,"Valentine Red Blooming Roses 3D Origami Face Mask l CHOOSE Over The Head/Ear Loop—Quadruple Layers—Filter, Nose Wire & Chin Pockets"
2273,2021-01-05,"Cat Face 3D Origami Face Mask l CHOOSE Over The Head/Ear Loop—Soft Comfortable Cotton—Quadruple Layers—Filter, Nose Wire & Chin Pockets"
2280,2021-01-07,"XOXOs, Valentine&#39;s 3D Origami Face Mask l CHOOSE Over The Head/Ear Loop—Soft Cotton—Quadruple Layers—Filter, Nose Wire Pockets"
2306,2021-01-07,"Red Lipstick Kisses, Valentine&#39;s 3D Origami Face Mask l CHOOSE Over The Head/Ear Loop—Soft Cotton—Quadruple Layers—Filter, Nose Wire Pockets"
2312,2021-01-08,"Colorful Butterflies 3D Origami Face Mask l CHOOSE Over The Head T Shirt Tie/Ear Loop, Filter Pocket, Nose Wire Pocket"
2319,2021-01-09,"Pantone 2021 Illuminating OR Ultimate Gray 3D Origami Face Masks l CHOOSE Over The Head/Ear Loop—Quadruple Layers—Filter, Nose Wire Pockets"
2323,2021-01-10,"Winter Green Plaid Stripe 3D Origami Face Mask l Ugly Christmas Winter, CHOOSE Over The Head T Shirt Tie/Ear Loop, Filter Pocket"
2326,2021-01-10,"Reindeer & Tree Plaid Fitted Face Mask (Olson Style) l Ugly Christmas Winter, CHOOSE Over The Head Tie/Ear Loop, Filter Pocket"
2327,2021-01-10,"Winter Green Plaid Stripe Fitted Face Mask (Olson Style) l Ugly Christmas Winter, CHOOSE Over The Head Tie/Ear Loop, Filter Pocket"
2328,2021-01-10,"Winter Garden Gnomes Fitted Face Mask (Olson Style) l Ugly Christmas Winter, CHOOSE Over The Head Tie/Ear Loop, Filter Pocket"
2329,2021-01-10,"Pop Art Cats Kittens Fitted Face Mask (Olson Style) l CHOOSE Over The Head Tie/Ear Loop, Filter Pocket, Nose Wire Pocket"
2336,2021-01-11,"Cute Black Kitty Cat Face Face Mask l Tri-Fold, Japanese 3D Origami Shape, Over Head T Shirt Tie w Cord Lock/Ear Loops, Quadruple Layers"
2339,2021-01-14,"Cute Colorful Monarch Moth Butterflies Face Mask l Tri-Fold, Japanese 3D Origami Shape, Over Head T Shirt Tie/Ear Loops, Quadruple Layers"
2340,2021-01-14,"Black Swirl Ink Face Mask l Tri-Fold, Japanese 3D Origami Shape, Over Head T Shirt Tie w Cord Lock/Ear Loops w Adjusters, Quadruple Layers"
2342,2021-01-14,"Cobalt Blue Face Mask l Tri-Fold, Japanese 3D Origami Shape, Over Head T Shirt Tie w Cord Lock/Ear Loops with Adjusters, Quadruple Layers"
2343,2021-01-14,"Lime Green Face Mask l Tri-Fold, Japanese 3D Origami Shape, Over Head T Shirt Tie w Cord Lock/Ear Loops w Adjusters, Quadruple Layers"
2352,2021-01-14,"Dark Coffee Brown Face Mask l Tri-Fold, Japanese 3D Origami Shape, Over Head T Shirt Tie w Cord Lock/Ear Loops w Adjusters, Quadruple Layers"
2357,2021-01-16,"Musician Music Note Face Mask l Tri-Fold, Japanese 3D Origami Shape, Over Head T Shirt Tie w Cord Lock/Ear Loops, Quadruple Layers"
2358,2021-01-16,"Pink Gold Art Deco Flowers, Valentine&#39;s Face Mask l Tri-Fold, Japanese 3D Origami Shape, Over Head T Shirt Tie/Ear Loops, Quadruple Layers"
2359,2021-01-16,"Cute Colorful Monarch Moth Butterflies Face Mask l Tri-Fold, Japanese 3D Origami Shape, Over Head T Shirt Tie/Ear Loops, Quadruple Layers"
2360,2021-01-16,"Pop Art Kittens Face Mask l Tri-Fold, Japanese 3D Origami Shape, Over Head T Shirt Tie w Cord Lock/Ear Loops w Adjusters, Quadruple Layers"
2374,2021-01-16,"Cobalt Blue Face Mask l Tri-Fold, Japanese 3D Origami Shape, Over Head T Shirt Tie w Cord Lock/Ear Loops with Adjusters, Quadruple Layers"
2375,2021-01-16,"Pink Gold Art Deco Flowers, Valentine&#39;s Face Mask l Tri-Fold, Japanese 3D Origami Shape, Over Head T Shirt Tie/Ear Loops, Quadruple Layers"
2381,2021-01-17,"Seaside Shores, Bows & White Blue Stripes Face Mask l Tri-Fold, Japanese 3D Origami Shape, Over Head T Shirt Tie/Ear Loops, Quadruple Layers"
2388,2021-01-17,"Millennial Lilac Purple Face Mask l Tri-Fold, Japanese 3D Origami Shape, Over Head T Shirt Tie w Cord Lock/Ear Loops, Quadruple Layers"
2390,2021-01-17,"Red Lipstick Lips Kisses, Valentine&#39;s Face Mask l Tri-Fold, Japanese 3D Origami Shape, Over Head T Shirt Tie/Ear Loops, Quadruple Layers"
2414,2021-01-20,"Pink Hanging Sloths Face Mask l Tri-Fold, Japanese 3D Origami Shape, Over Head T Shirt Tie w Cord Lock/Ear Loops, Quadruple Layers"
2422,2021-01-20,"Pink Gold Art Deco Flowers, Valentine&#39;s Face Mask l Tri-Fold, Japanese 3D Origami Shape, Over Head T Shirt Tie/Ear Loops, Quadruple Layers"
2423,2021-01-20,"Newsprint Pop Art Roses, Valentine&#39;s Face Mask l Tri-Fold, Japanese 3D Origami Shape, Over Head T Shirt Tie/Ear Loops, Quadruple Layers"
2427,2021-01-20,"Musician Music Note Face Mask l Tri-Fold, Japanese 3D Origami Shape, Over Head T Shirt Tie w Cord Lock/Ear Loops, Quadruple Layers"
2443,2021-01-21,"Pink Gold Art Deco Flowers, Valentine&#39;s Face Mask l Tri-Fold, Japanese 3D Origami Shape, Over Head T Shirt Tie/Ear Loops, Quadruple Layers"
2449,2021-01-23,"Palm Tree Leaves Face Mask l Tri-Fold, Japanese 3D Origami Shape, Over Head T Shirt Tie Cord Lock/Ear Loops w Adjusters, Quadruple Layers"
2451,2021-01-23,"Golden Drawing Mountain Tops Face Mask l Tri-Fold, Japanese 3D Origami Shape, Over Head T Shirt Tie w Cord Lock/Ear Loops, Quadruple Layers"
2452,2021-01-23,"Pantone 2021 Face Masks, Illuminating OR Ultimate Gray l Japanese 3D Origami Shape, Over Head T Shirt Tie/Ear Loops, Quadruple Layers"
2457,2021-01-23,"Cute Colorful Monarch Moth Butterflies Face Mask l Tri-Fold, Japanese 3D Origami Shape, Over Head T Shirt Tie/Ear Loops, Quadruple Layers"
2461,2021-01-23,"Black German Shepard Dogs Face Mask l Tri-Fold, Japanese 3D Origami Shape, Over Head T Shirt Tie w Cord Lock/Ear Loops, Quadruple Layers"
2476,2021-01-26,"Mermaid Tail Scales Face Mask l Tri-Fold, Japanese 3D Origami Shape, Over Head T Shirt Tie w Cord Lock/Ear Loops, Quadruple Layers"
2477,2021-01-26,"Newsprint Pop Art Roses, Valentine&#39;s Face Mask l Tri-Fold, Japanese 3D Origami Shape, Over Head T Shirt Tie/Ear Loops, Quadruple Layers"
2482,2021-01-26,"Evergreen Forest Art Deco Trees Face Mask l Tri-Fold, Japanese 3D Origami Shape, Over Head T Shirt Tie/Ear Loops, Quadruple Layers"
2494,2021-01-27,"Pink Gold Art Deco Flowers, Valentine&#39;s Face Mask l Tri-Fold, Japanese 3D Origami Shape, Over Head T Shirt Tie/Ear Loops, Quadruple Layers"
2499,2021-01-28,"Pink Gold Art Deco Flowers, Valentine&#39;s Face Mask l Tri-Fold, Japanese 3D Origami Shape, Over Head T Shirt Tie/Ear Loops, Quadruple Layers"
2501,2021-01-28,"Evergreen Forest Art Deco Trees Face Mask l Tri-Fold, Japanese 3D Origami Shape, Over Head T Shirt Tie/Ear Loops, Quadruple Layers"
2504,2021-01-28,"Pink Gold Art Deco Flowers, Valentine&#39;s Face Mask l Tri-Fold, Japanese 3D Origami Shape, Over Head T Shirt Tie/Ear Loops, Quadruple Layers"
2510,2021-01-29,"Sunny Sunshine Yellow Face Mask l Tri-Fold, Japanese 3D Origami Shape, Over Head T Shirt Tie w Cord Lock/Ear Loops, Quadruple Layers"
2511,2021-01-29,"Black Gray Plaid Face Mask l Tri-Fold, Japanese 3D Origami Shape, Over Head T Shirt Tie w Cord Lock/Ear Loops w Adjusters, Quadruple Layers"
2512,2021-01-29,"Flying Nature Flower Leaf Girls, Face Mask l Tri-Fold, Japanese 3D Origami Shape, Over Head T Shirt Tie/Ear Loops, Quadruple Layers"
2513,2021-01-29,"Gold Beard Leprechauns, Saint Patrick’s Day Face Mask l Tri-Fold, Japanese 3D Origami Shape, Over Head T Shirt Tie/Ear Loop, Quadruple Layer"
2526,2021-02-01,"Teal Blue Peacock Bird Flower Face Mask l Tri-Fold, Japanese 3D Origami Shape, Over Head T Shirt Tie w Cord Lock/Ear Loops, Quadruple Layers"
2527,2021-02-01,"Pink White Gold Mini Hearts, Valentine&#39;s Face Mask l Tri-Fold, Japanese 3D Origami Shape, Over Head T Shirt Tie/Ear Loops, Quadruple Layers"
2541,2021-02-02,"Pop Art Kittens Face Mask l Tri-Fold, Japanese 3D Origami Shape, Over Head T Shirt Tie w Cord Lock/Ear Loops w Adjusters, Quadruple Layers"
2545,2021-02-02,"Aqua Teal Blue Face Mask l Tri-Fold, Japanese 3D Origami Shape, Over Head T Shirt Tie w Cord Lock/Ear Loops w Adjusters, Quadruple Layers"
2549,2021-02-04,"Musician Music Note Face Mask l Tri-Fold, Japanese 3D Origami Shape, Over Head T Shirt Tie w Cord Lock/Ear Loops, Quadruple Layers"
2550,2021-02-04,"Pug Dogs Face Mask l Tri-Fold, Japanese 3D Origami Shape, Over Head T Shirt Tie w Cord Lock/Ear Loops w Adjusters, Quadruple Layers"
2551,2021-02-04,"Pantone 2021 Face Masks, Illuminating OR Ultimate Gray l Japanese 3D Origami Shape, Over Head T Shirt Tie/Ear Loops, Quadruple Layers"
2582,2021-02-06,"Pantone 2021 Face Masks, Illuminating OR Ultimate Gray l Japanese 3D Origami Shape, Over Head T Shirt Tie/Ear Loops, Quadruple Layers"
2584,2021-02-06,"Teal Blue Peacock Bird Flower Face Mask l Tri-Fold, Japanese 3D Origami Shape, Over Head T Shirt Tie w Cord Lock/Ear Loops, Quadruple Layers"
2585,2021-02-06,"Cute Colorful Monarch Moth Butterflies Face Mask l Tri-Fold, Japanese 3D Origami Shape, Over Head T Shirt Tie/Ear Loops, Quadruple Layers"
2590,2021-02-06,"Seaside Shores, Bows & White Blue Stripes Face Mask l Tri-Fold, Japanese 3D Origami Shape, Over Head T Shirt Tie/Ear Loops, Quadruple Layers"
2591,2021-02-06,"Ruby Magenta Pink Valentine Face Mask l Tri-Fold, Japanese 3D Origami Shape, Over Head T Shirt Tie w Cord Lock/Ear Loops, Quadruple Layers"
2599,2021-02-06,"Teal Blue Peacock Bird Flower Face Mask l Tri-Fold, Japanese 3D Origami Shape, Over Head T Shirt Tie w Cord Lock/Ear Loops, Quadruple Layers"
2600,2021-02-06,"Valentine Red Garden Roses Face Mask l Tri-Fold, Japanese 3D Origami Shape, Over Head T Shirt Tie w Cord Lock/Ear Loops, Quadruple Layers"
2601,2021-02-06,"Dark Coffee Brown Face Mask l Tri-Fold, Japanese 3D Origami Shape, Over Head T Shirt Tie w Cord Lock/Ear Loops w Adjusters, Quadruple Layers"
2602,2021-02-06,"Cute Colorful Monarch Moth Butterflies Face Mask l Tri-Fold, Japanese 3D Origami Shape, Over Head T Shirt Tie/Ear Loops, Quadruple Layers"
2603,2021-02-06,"Cubist Abstract Art 3D Origami Face Mask l Tri-Fold, Japanese 3D Origami Shape, Over Head T Shirt Tie w Cord Lock/Ear Loop, Quadruple Layers"
2604,2021-02-06,"Lime Green Face Mask l Tri-Fold, Japanese 3D Origami Shape, Over Head T Shirt Tie w Cord Lock/Ear Loops w Adjusters, Quadruple Layers"
2605,2021-02-06,"Sunny Sunshine Yellow Face Mask l Tri-Fold, Japanese 3D Origami Shape, Over Head T Shirt Tie w Cord Lock/Ear Loops, Quadruple Layers"
2622,2021-02-10,"Golden Drawing Mountain Tops Face Mask l Tri-Fold, Japanese 3D Origami Shape, Over Head T Shirt Tie w Cord Lock/Ear Loops, Quadruple Layers"
2633,2021-02-11,"Cute Mini Blue Mice Mouse Cheese Face Mask l Tri-Fold, Japanese 3D Origami Shape, Over Head T Shirt Tie/Ear Loops, Quadruple Layers"
2634,2021-02-11,"Banana Yellow Face Mask l Tri-Fold, Japanese 3D Origami Shape, Over Head T Shirt Tie w Cord Lock/Ear Loops w Adjusters, Quadruple Layers"
2636,2021-02-11,"Green Bunnies, April Easter Face Mask l Tri-Fold, Japanese 3D Origami Shape, Over Head T Shirt Tie w Cord Lock/Ear Loop, Quadruple Layers"
2642,2021-02-11,"Dark Coffee Brown Face Mask l Tri-Fold, Japanese 3D Origami Shape, Over Head T Shirt Tie w Cord Lock/Ear Loops w Adjusters, Quadruple Layers"
2649,2021-02-12,"Flying Nature Flower Leaf Girls, Face Mask l Tri-Fold, Japanese 3D Origami Shape, Over Head T Shirt Tie/Ear Loops, Quadruple Layers"
2654,2021-02-15,"Cute Colorful Monarch Moth Butterflies Face Mask l Tri-Fold, Japanese 3D Origami Shape, Over Head T Shirt Tie/Ear Loops, Quadruple Layers"
2662,2021-02-16,"Lime Green Face Mask l Tri-Fold, Japanese 3D Origami Shape, Over Head T Shirt Tie w Cord Lock/Ear Loops w Adjusters, Quadruple Layers"
2666,2021-02-16,"Lime Green Face Mask l Tri-Fold, Japanese 3D Origami Shape, Over Head T Shirt Tie w Cord Lock/Ear Loops w Adjusters, Quadruple Layers"
2667,2021-02-16,"Aqua Teal Blue Face Mask l Tri-Fold, Japanese 3D Origami Shape, Over Head T Shirt Tie w Cord Lock/Ear Loops w Adjusters, Quadruple Layers"
2668,2021-02-16,"Magenta Pink Face Mask l Tri-Fold, Japanese 3D Origami Shape, Over Head T Shirt Tie w Cord Lock/Ear Loops, Quadruple Layers, Mother&#39;s Day"
2678,2021-02-17,"Rome Italy Skyline View 3D Origami Face Mask l CHOOSE Over The Head/Ear Loop—Soft Cotton—Quadruple Layers—Filter, Nose Wire & Chin Pockets"
2681,2021-02-20,"Cute Colorful Monarch Moth Butterflies Face Mask l Tri-Fold, Japanese 3D Origami Shape, Over Head T Shirt Tie/Ear Loops, Quadruple Layers"
2685,2021-02-20,"Palm Tree Leaves Face Mask l Tri-Fold, Japanese 3D Origami Shape, Over Head T Shirt Tie Cord Lock/Ear Loops w Adjusters, Quadruple Layers"
2691,2021-02-21,"Pantone 2021 Face Masks, Illuminating OR Ultimate Gray l Japanese 3D Origami Shape, Over Head T Shirt Tie/Ear Loops, Quadruple Layers"
2692,2021-02-21,"Mermaid Tail Scales Face Mask l Tri-Fold, Japanese 3D Origami Shape, Over Head T Shirt Tie w Cord Lock/Ear Loops, Quadruple Layers"
2693,2021-02-21,"Green Bunnies, April Easter Face Mask l Tri-Fold, Japanese 3D Origami Shape, Over Head T Shirt Tie w Cord Lock/Ear Loop, Mother&#39;s Day Mask"
2700,2021-02-22,"XOXOs & Red Hearts XO, Valentine&#39;s Face Mask l Tri-Fold, Japanese 3D Origami Shape, Over Head T Shirt Tie/Ear Loops, Quadruple Layers"
2704,2021-02-22,"Mermaid Tail Scales Face Mask l Tri-Fold, Japanese 3D Origami Shape, Over Head T Shirt Tie w Cord Lock/Ear Loops, Quadruple Layers"
2743,2021-02-26,"Millennial Lilac Purple Face Mask l Tri-Fold, Japanese 3D Origami Shape, Over Head T Shirt Tie w Cord Lock/Ear Loops, Quadruple Layers"
2747,2021-02-26,"Cute Colorful Monarch Butterflies Face Mask l Tri-Fold, Japanese 3D Origami Shape, Over Head T Shirt Tie/Ear Loops, Quadruple Layers"
2748,2021-02-26,"Black Swirl Ink Face Mask l Tri-Fold, Japanese 3D Origami Shape, Over Head T Shirt Tie w Cord Lock/Ear Loops w Adjusters, Quadruple Layers"
2751,2021-02-26,"Dark Coffee Brown Face Mask l Tri-Fold, Japanese 3D Origami Shape, Over Head T Shirt Tie w Cord Lock/Ear Loops w Adjusters, Quadruple Layers"
2757,2021-02-26,"Pantone 2021 Face Masks, Illuminating OR Ultimate Gray l Japanese 3D Origami Shape, Over Head T Shirt Tie/Ear Loops, Quadruple Layers"
2760,2021-02-26,"Green Bunnies, April Easter Face Mask l Tri-Fold, Japanese 3D Origami Shape, Over Head T Shirt Tie w Cord Lock/Ear Loop, Mother&#39;s Day Mask"
2761,2021-02-26,"Black Swirl Ink Face Mask l Tri-Fold, Japanese 3D Origami Shape, Over Head T Shirt Tie w Cord Lock/Ear Loops w Adjusters, Quadruple Layers"
2767,2021-03-01,"Dark Coffee Brown Face Mask l Tri-Fold, Japanese 3D Origami Shape, Over Head T Shirt Tie w Cord Lock/Ear Loops w Adjusters, Quadruple Layers"
2771,2021-03-01,"Millennial Lilac Purple Face Mask l Tri-Fold, Japanese 3D Origami Shape, Over Head T Shirt Tie w Cord Lock/Ear Loops, Quadruple Layers"
2785,2021-03-03,"Millennial Lilac Purple Face Mask l Tri-Fold, Japanese 3D Origami Shape, Over Head T Shirt Tie w Cord Lock/Ear Loops, Quadruple Layers"
2791,2021-03-05,"Pop Art Kittens Face Mask l Tri-Fold, Japanese 3D Origami Shape, Over Head T Shirt Tie w Cord Lock/Ear Loops w Adjusters, Quadruple Layers"
2795,2021-03-05,"Cubist Abstract Art 3D Origami Face Mask l Tri-Fold, Japanese 3D Origami Shape, Over Head T Shirt Tie w Cord Lock/Ear Loop, Quadruple Layers"
2796,2021-03-05,"Flying Nature Flower Leaf Girls, Face Mask l Tri-Fold, Japanese 3D Origami Shape, Over Head T Shirt Tie/Ear Loops, Mother&#39;s Day Holiday"
2797,2021-03-05,"Black Swirl Ink Face Mask l Tri-Fold, Japanese 3D Origami Shape, Over Head T Shirt Tie w Cord Lock/Ear Loops w Adjusters, Quadruple Layers"
2804,2021-03-07,"Dark Coffee Brown Face Mask l Tri-Fold, Japanese 3D Origami Shape, Over Head T Shirt Tie w Cord Lock/Ear Loops w Adjusters, Quadruple Layers"
2810,2021-03-08,"Magenta Yellow Wild Tigers Face Mask l Tri-Fold, Japanese 3D Origami Shape, Over Head T Shirt Tie w Cord Lock/Ear Loops, Quadruple Layers"
2819,2021-03-10,"Dark Coffee Brown Face Mask l Tri-Fold, Japanese 3D Origami Shape, Over Head T Shirt Tie w Cord Lock/Ear Loops w Adjusters, Quadruple Layers"
2824,2021-03-10,"Pantone 2021 Face Masks, Illuminating OR Ultimate Gray l Japanese 3D Origami Shape, Over Head T Shirt Tie/Ear Loops, Quadruple Layers"
2825,2021-03-10,"Golden Drawing Mountain Tops Face Mask l Tri-Fold, Japanese 3D Origami Shape, Over Head T Shirt Tie w Cord Lock/Ear Loops, Quadruple Layers"
2830,2021-03-11,"Magenta Yellow Wild Tigers Face Mask l Tri-Fold, Japanese 3D Origami Shape, Over Head T Shirt Tie w Cord Lock/Ear Loops, Quadruple Layers"
2833,2021-03-11,"Millennial Lilac Purple Face Mask l Tri-Fold, Japanese 3D Origami Shape, Over Head T Shirt Tie w Cord Lock/Ear Loops, Quadruple Layers"
2834,2021-03-11,"Sunny Sunshine Yellow Face Mask l Tri-Fold, Japanese 3D Origami Shape, Over Head T Shirt Tie w Cord Lock/Ear Loops, Quadruple Layers"
2836,2021-03-11,"Dark Coffee Brown Face Mask l Tri-Fold, Japanese 3D Origami Shape, Over Head T Shirt Tie w Cord Lock/Ear Loops w Adjusters, Quadruple Layers"
2858,2021-03-12,"Pink Hanging Sloths Face Mask l Tri-Fold, Japanese 3D Origami Shape, Over Head T Shirt Tie w Cord Lock/Ear Loops, Quadruple Layers"
2859,2021-03-12,"Cute Mini Blue Mice Mouse Cheese Face Mask l Tri-Fold, Japanese 3D Origami Shape, Over Head T Shirt Tie/Ear Loops, Quadruple Layers"
2860,2021-03-12,"Cute Colorful Monarch Butterflies Face Mask l Tri-Fold, Japanese 3D Origami Shape, Over Head T Shirt Tie/Ear Loops, Quadruple Layers"
2861,2021-03-12,"Seaside Shores, Bows & White Blue Stripes Face Mask l Tri-Fold, Japanese 3D Origami Shape, Over Head T Shirt Tie/Ear Loops, Quadruple Layers"
2869,2021-03-13,"Colorful Newsprint Pop Art Roses Face Mask l Tri-Fold, Japanese 3D Origami Shape, Over Head T Shirt Tie/Ear Loops, Quadruple Layers"
2876,2021-03-14,"Black Swirl Ink Face Mask l Tri-Fold, Japanese 3D Origami Shape, Over Head T Shirt Tie w Cord Lock/Ear Loops w Adjusters, Quadruple Layers"
2879,2021-03-14,"Orange Spider Webs Face Mask l Tri-Fold, Japanese 3D Origami Shape, Over Head T Shirt Tie w Cord Lock/Ear Loops, Quadruple Layers"
2884,2021-03-15,"Green Bunnies, April Easter Face Mask l Tri-Fold, Japanese 3D Origami Shape, Over Head T Shirt Tie w Cord Lock/Ear Loop, Mother&#39;s Day Mask"
2888,2021-03-15,"Vanilla Ice Cream Cone Face Mask l Tri-Fold, Japanese 3D Origami Shape, Over Head T Shirt Tie w Cord Lock/Ear Loops, Quadruple Layers"
2889,2021-03-15,"Chocolate Donut 3D Face Mask l Tri-Fold, Japanese 3D Origami Shape, Over Head T Shirt Tie w Cord Lock/Ear Loops, Quadruple Layers"
2893,2021-03-15,"Pantone 2021 Face Masks, Illuminating OR Ultimate Gray l Japanese 3D Origami Shape, Over Head T Shirt Tie/Ear Loops, Quadruple Layers"
2894,2021-03-15,"Blush Pink Dye Color Face Mask l Tri-Fold, Japanese 3D Origami Shape, Over Head T Shirt Tie w Cord Lock/Ear Loops, Quadruple Layers"
2895,2021-03-15,"Pantone 2021 Face Masks, Illuminating OR Ultimate Gray l Japanese 3D Origami Shape, Over Head T Shirt Tie/Ear Loops, Quadruple Layers"
2914,2021-03-17,"Blush Pink Dye Color Face Mask l Tri-Fold, Japanese 3D Origami Shape, Over Head T Shirt Tie w Cord Lock/Ear Loops, Quadruple Layers"
2915,2021-03-17,"Bright Lime Green Face Mask l Tri-Fold, Japanese 3D Origami Shape, Over Head T Shirt Tie w Cord Lock/Ear Loops w Adjusters, Quadruple Layers"
2920,2021-03-17,"Musician Music Note Face Mask l Tri-Fold, Japanese 3D Origami Shape, Over Head T Shirt Tie w Cord Lock/Ear Loops, Quadruple Layers"
2921,2021-03-17,"Colorful Newsprint Pop Art Roses Face Mask l Tri-Fold, Japanese 3D Origami Shape, Over Head T Shirt Tie/Ear Loops, Quadruple Layers"
2926,2021-03-17,"Cute Mini Blue Mice Mouse Cheese Face Mask l Tri-Fold, Japanese 3D Origami Shape, Over Head T Shirt Tie/Ear Loops, Quadruple Layers"
2929,2021-03-17,"Millennial Lilac Purple Face Mask l Tri-Fold, Japanese 3D Origami Shape, Over Head T Shirt Tie w Cord Lock/Ear Loops, Quadruple Layers"
2933,2021-03-17,"Cubist Abstract Art 3D Origami Face Mask l Tri-Fold, Japanese 3D Origami Shape, Over Head T Shirt Tie w Cord Lock/Ear Loop, Quadruple Layers"
2934,2021-03-17,"Black Swirl Ink Face Mask l Tri-Fold, Japanese 3D Origami Shape, Over Head T Shirt Tie w Cord Lock/Ear Loops w Adjusters, Quadruple Layers"
2935,2021-03-17,"Sunny Sunshine Yellow Face Mask l Tri-Fold, Japanese 3D Origami Shape, Over Head T Shirt Tie w Cord Lock/Ear Loops, Quadruple Layers"
2936,2021-03-17,"Millennial Lilac Purple Face Mask l Tri-Fold, Japanese 3D Origami Shape, Over Head T Shirt Tie w Cord Lock/Ear Loops, Quadruple Layers"
2949,2021-03-18,"Magenta Yellow Wild Tigers Face Mask l Tri-Fold, Japanese 3D Origami Shape, Over Head T Shirt Tie w Cord Lock/Ear Loops, Quadruple Layers"
2965,2021-03-19,"Ballet Nutcracker Toy Soldiers Face Mask l Tri-Fold, Japanese 3D Origami Shape, Over Head T Shirt Tie/Ear Loops, Quadruple Layers"
2966,2021-03-19,"Pink Black Leopard Shape Spots Face Mask l Tri-Fold, Japanese 3D Origami Shape, Over Head T Shirt Tie/Ear Loops, Quadruple Layers"
2968,2021-03-19,"Blue Garden Blooming Roses Face Mask l Tri-Fold, Japanese 3D Origami Shape, Over Head T Shirt Tie/Ear Loops, Quadruple Layers"
2969,2021-03-19,"Pop Art Kittens Face Mask l Tri-Fold, Japanese 3D Origami Shape, Over Head T Shirt Tie w Cord Lock/Ear Loops w Adjusters, Quadruple Layers"
2976,2021-03-22,"Blush Pink Dye Color Face Mask l Tri-Fold, Japanese 3D Origami Shape, Over Head T Shirt Tie w Cord Lock/Ear Loops, Quadruple Layers"
2977,2021-03-22,"Black Swirl Ink Face Mask l Tri-Fold, Japanese 3D Origami Shape, Over Head T Shirt Tie w Cord Lock/Ear Loops w Adjusters, Quadruple Layers"
2988,2021-03-23,"Colorful Newsprint Pop Art Roses Face Mask l Tri-Fold, Japanese 3D Origami Shape, Over Head T Shirt Tie/Ear Loops, Quadruple Layers"
2995,2021-03-24,"Palm Tree Leaves Face Mask l Tri-Fold, Japanese 3D Origami Shape, Over Head T Shirt Tie Cord Lock/Ear Loops w Adjusters, Quadruple Layers"
2996,2021-03-24,"Black Swirl Ink Face Mask l Tri-Fold, Japanese 3D Origami Shape, Over Head T Shirt Tie w Cord Lock/Ear Loops w Adjusters, Quadruple Layers"
2997,2021-03-24,"Colorful Newsprint Pop Art Roses Face Mask l Tri-Fold, Japanese 3D Origami Shape, Over Head T Shirt Tie/Ear Loops, Quadruple Layers"
3004,2021-03-25,"Pantone 2021 Face Masks, Illuminating OR Ultimate Gray l Japanese 3D Origami Shape, Over Head T Shirt Tie/Ear Loops, Quadruple Layers"
3008,2021-03-27,"Colorful Newsprint Pop Art Roses Face Mask l Tri-Fold, Japanese 3D Origami Shape, Over Head T Shirt Tie/Ear Loops, Quadruple Layers"
3012,2021-03-28,"Black Swan Lake Ducks Face Mask l Tri-Fold, Japanese 3D Origami Shape, Over Head T Shirt Tie w Cord Lock/Ear Loops, Quadruple Layers"
3013,2021-03-28,"Cute Colorful Monarch Butterflies Face Mask l Tri-Fold, Japanese 3D Origami Shape, Over Head T Shirt Tie/Ear Loops, Quadruple Layers"
3014,2021-03-28,"Vanilla Ice Cream Cone Face Mask l Tri-Fold, Japanese 3D Origami Shape, Over Head T Shirt Tie w Cord Lock/Ear Loops, Quadruple Layers"
3031,2021-03-29,"Orange Spider Webs Face Mask l Tri-Fold, Japanese 3D Origami Shape, Over Head T Shirt Tie w Cord Lock/Ear Loops, Quadruple Layers"
3034,2021-03-29,"Colorful Newsprint Pop Art Roses Face Mask l Tri-Fold, Japanese 3D Origami Shape, Over Head T Shirt Tie/Ear Loops, Quadruple Layers"
3048,2021-03-30,"Mellow Yellow Face Mask l Tri-Fold, Japanese 3D Origami Shape, Over Head T Shirt Tie w Cord Lock/Ear Loops w Adjusters, Mother&#39;s Day Holiday"
3049,2021-03-30,"Millennial Lilac Purple Face Mask l Tri-Fold, Japanese 3D Origami Shape, Over Head T Shirt Tie w Cord Lock/Ear Loops, Quadruple Layers"
3050,2021-03-30,"Neon Teal Blue Face Mask l Tri-Fold, Japanese 3D Origami Shape, Over Head T Shirt Tie w Cord Lock/Ear Loops w Adjusters, Quadruple Layers"
3051,2021-03-30,"Sunny Sunshine Yellow Face Mask l Tri-Fold, Japanese 3D Origami Shape, Over Head T Shirt Tie w Cord Lock/Ear Loops, Quadruple Layers"
3058,2021-04-01,"Adjustable Chin Wire 3D Face Mask, Aqua Teal Ocean l Tri-Fold, Origami Shape, Over Head T Shirt Tie/Ear Loop, Quadruple Layer"
3061,2021-04-01,"Adjustable Chin Wire 3D Face Mask, Hawaiian Birds of Paradise l Tri-Fold, Origami Shape, Over Head T Shirt Tie/Ear Loop, Quadruple Layer"
3062,2021-04-01,"Adjustable Chin Wire 3D Face Mask, Colorful Rainbow Stripes l Tri-Fold, Origami Shape, Over Head T Shirt Tie/Ear Loop, Quadruple Layer"
3063,2021-04-01,"Adjustable Chin Wire 3D Face Mask, Memorial Day American Flags l Tri-Fold, Origami Shape, Over Head T Shirt Tie/Ear Loop, Quadruple Layer"
3064,2021-04-01,"Adjustable Chin Wire 3D Face Mask, Sunny Daises l Tri-Fold, Origami Shape, Over Head T Shirt Tie/Ear Loop, Quadruple Layer"
3065,2021-04-01,"Adjustable Chin Wire 3D Face Mask, Smiling Sunshine l Tri-Fold, Origami Shape, Over Head T Shirt Tie/Ear Loop, Quadruple Layer"
3093,2021-04-02,"Adjustable Chin Wire 3D Face Mask, Pug Dogs l Tri-Fold, Origami Shape, Over Head T Shirt Tie/Ear Loop, Quadruple Layer"
3094,2021-04-02,"Adjustable Chin Wire 3D Face Mask, Rainbow Monarch Butterflies l Tri-Fold, Origami Shape, Over Head T Shirt Tie/Ear Loop, Quadruple Layer"
3098,2021-04-03,"Adjustable Chin Wire 3D Face Mask, White Blue Stripe Bows l Tri-Fold, Origami Shape, Over Head T Shirt Tie/Ear Loop, Quadruple Layer"
3099,2021-04-03,"Adjustable Chin Wire 3D Face Mask, Memorial Day American Flags l Tri-Fold, Origami Shape, Over Head T Shirt Tie/Ear Loop, Quadruple Layer"
3100,2021-04-03,"Adjustable Chin Wire 3D Face Mask, Hawaiian Birds of Paradise l Tri-Fold, Origami Shape, Over Head T Shirt Tie/Ear Loop, Quadruple Layer"
3101,2021-04-03,"Adjustable Chin Wire 3D Face Mask, Mesa Arizona Western Abstract l Tri-Fold, Origami Shape, Over Head T Shirt Tie/Ear Loop, Quadruple Layer"
3110,2021-04-03,"Adjustable Chin Wire 3D Face Mask, Red Kissing Lips l Tri-Fold, Origami Shape, Over Head T Shirt Tie/Ear Loop, Quadruple Layer"
3119,2021-04-05,"Adjustable Chin Wire 3D Face Mask, Mesa Arizona Western Abstract l Tri-Fold, Origami Shape, Over Head T Shirt Tie/Ear Loop, Quadruple Layer"
3120,2021-04-05,"Adjustable Chin Wire 3D Face Mask, Millennial Lilac Purple l Tri-Fold, Origami Shape, Over Head T Shirt Tie/Ear Loop, Quadruple Layer"
3124,2021-04-05,"Adjustable Chin Wire 3D Face Mask, Millennial Lilac Purple l Tri-Fold, Origami Shape, Over Head T Shirt Tie/Ear Loop, Quadruple Layer"
3128,2021-04-05,"Adjustable Chin Wire 3D Face Mask, Patriotic USA American Flags l Tri-Fold, Origami Shape, Over Head T Shirt Tie/Ear Loop, Quadruple Layer"
3138,2021-04-05,"Adjustable Chin Wire 3D Face Mask, Black White Abstract Swirls l Tri-Fold, Origami Shape, Over Head T Shirt Tie/Ear Loop, Quadruple Layer"
3141,2021-04-05,"Adjustable Chin Wire 3D Face Mask, Cubist Abstract Art l Tri-Fold, Origami Shape, Over Head T Shirt Tie/Ear Loop, Quadruple Layer"
3144,2021-04-07,"Adjustable Chin Wire 3D Face Mask, Abstract Lemon Leaves l Tri-Fold, Origami Shape, Over Head T Shirt Tie/Ear Loop, Quadruple Layer"
3145,2021-04-07,"Adjustable Chin Wire 3D Face Mask, Sunny Daises l Tri-Fold, Origami Shape, Over Head T Shirt Tie/Ear Loop, Quadruple Layer"
3147,2021-04-07,"Adjustable Chin Wire 3D Face Mask, Blue Roses l Tri-Fold, Origami Shape, Over Head T Shirt Tie/Ear Loop, Quadruple Layer"
3166,2021-04-07,"Adjustable Chin Wire 3D Face Mask, Light Pink Hue l Tri-Fold, Origami Shape, Over Head T Shirt Tie/Ear Loop, Quadruple Layer"
3168,2021-04-07,"Adjustable Chin Wire 3D Face Mask, Millennial Lilac Purple l Tri-Fold, Origami Shape, Over Head T Shirt Tie/Ear Loop, Quadruple Layer"
3173,2021-04-08,"Adjustable Chin Wire 3D Face Mask, Abstract Lemon Leaves l Tri-Fold, Origami Shape, Over Head T Shirt Tie/Ear Loop, Quadruple Layer"
3181,2021-04-11,"Adjustable Chin Wire 3D Face Mask, Aqua Teal Ocean l Tri-Fold, Origami Shape, Over Head T Shirt Tie/Ear Loop, Quadruple Layer"
3184,2021-04-11,"Adjustable Chin Wire 3D Face Mask, Abstract Colorful Roses l Tri-Fold, Origami Shape, Over Head T Shirt Tie/Ear Loop, Quadruple Layer"
3185,2021-04-11,"Adjustable Chin Wire 3D Face Mask, Aqua Teal Ocean l Tri-Fold, Origami Shape, Over Head T Shirt Tie/Ear Loop, Quadruple Layer"
3186,2021-04-11,"Adjustable Chin Wire 3D Face Mask, Blue Roses l Tri-Fold, Origami Shape, Over Head T Shirt Tie/Ear Loop, Quadruple Layer"
3187,2021-04-11,"Adjustable Chin Wire 3D Face Mask, Abstract Black White Triangles l Tri-Fold, Origami Shape, Over Head T Shirt Tie/Ear Loop, Quadruple Layer"
3188,2021-04-11,"Adjustable Chin Wire 3D Face Mask, Pantone 2021 Illuminating or Ultimate Gray  l Tri-Fold, Over Head T Shirt Tie/Ear Loop, Quadruple Layer"
3189,2021-04-11,"Adjustable Chin Wire 3D Face Mask, Graphic Art Roses l Tri-Fold, Origami Shape, Over Head T Shirt Tie/Ear Loop, Quadruple Layer"
3190,2021-04-11,"Adjustable Chin Wire 3D Face Mask, Drawing Mountains l Tri-Fold, Origami Shape, Over Head T Shirt Tie/Ear Loop, Quadruple Layer"
3199,2021-04-12,"Adjustable Chin Wire 3D Face Mask, Monet Lily Flowers l Tri-Fold, Origami Shape, Over Head T Shirt Tie/Ear Loop, Quadruple Layer"
3201,2021-04-12,"Adjustable Chin Wire 3D Face Mask, Rainbow Monarch Butterflies l Tri-Fold, Origami Shape, Over Head T Shirt Tie/Ear Loop, Quadruple Layer"
3205,2021-04-12,"Adjustable Chin Wire 3D Face Mask, Artsy Rainbow Abstract l Tri-Fold, Origami Shape, Over Head T Shirt Tie/Ear Loop, Quadruple Layer"
3208,2021-04-12,"Adjustable Chin Wire 3D Face Mask, Abstract Lemon Leaves l Tri-Fold, Origami Shape, Over Head T Shirt Tie/Ear Loop, Quadruple Layer"
3222,2021-04-14,"Adjustable Chin Wire 3D Face Mask, Pablo Picasso-Inspired Art l Tri-Fold, Origami Shape, Over Head T Shirt Tie/Ear Loop, Quadruple Layer"
3223,2021-04-14,"Adjustable Chin Wire 3D Face Mask, Abstract Lemon Leaves l Tri-Fold, Origami Shape, Over Head T Shirt Tie/Ear Loop, Quadruple Layer"
3228,2021-04-15,"Adjustable Chin Wire 3D Face Mask, Smiling Sunshine l Tri-Fold, Origami Shape, Over Head T Shirt Tie/Ear Loop, Quadruple Layer"
3232,2021-04-16,"Adjustable Chin Wire 3D Face Mask, Pantone 2021 Illuminating or Ultimate Gray  l Tri-Fold, Over Head T Shirt Tie/Ear Loop, Quadruple Layer"
3233,2021-04-16,"Adjustable Chin Wire 3D Face Mask, Spring Nature Green l Tri-Fold, Origami Shape, Over Head T Shirt Tie/Ear Loop, Quadruple Layer"
3234,2021-04-16,"Adjustable Chin Wire 3D Face Mask, Pantone 2021 Illuminating or Ultimate Gray  l Tri-Fold, Over Head T Shirt Tie/Ear Loop, Quadruple Layer"
3247,2021-04-17,"Adjustable Chin Wire 3D Face Mask, Abstract Flying Girls l Tri-Fold, Origami Shape, Over Head T Shirt Tie/Ear Loop, Quadruple Layer"
3249,2021-04-17,"Adjustable Chin Wire 3D Face Mask, Smiling Sunshine l Tri-Fold, Origami Shape, Over Head T Shirt Tie/Ear Loop, Quadruple Layer"
3250,2021-04-17,"Adjustable Chin Wire 3D Face Mask, Cute Jumping Bunnies l Tri-Fold, Origami Shape, Over Head T Shirt Tie/Ear Loop, Quadruple Layer"
3252,2021-04-17,"Adjustable Chin Wire 3D Face Mask, Colorful Rainbow Stripes l Tri-Fold, Origami Shape, Over Head T Shirt Tie/Ear Loop, Quadruple Layer"
3253,2021-04-17,"Adjustable Chin Wire 3D Face Mask, Blue Cheese Mice l Tri-Fold, Origami Shape, Over Head T Shirt Tie/Ear Loop, Quadruple Layer"
3254,2021-04-17,"Adjustable Chin Wire 3D Face Mask, Colorful Cats l Tri-Fold, Origami Shape, Over Head T Shirt Tie/Ear Loop, Quadruple Layer"
3277,2021-04-19,"Adjustable Chin Wire 3D Face Mask, Abstract Lemon Leaves l Tri-Fold, Origami Shape, Over Head T Shirt Tie/Ear Loop, Quadruple Layer"
3282,2021-04-20,"Adjustable Chin Wire 3D Face Mask, Colorful Rainbow Stripes l Tri-Fold, Origami Shape, Over Head T Shirt Tie/Ear Loop, Quadruple Layer"
3287,2021-04-22,"Adjustable Chin Wire 3D Face Mask, Musical Notes l Tri-Fold, Origami Shape, Over Head T Shirt Tie/Ear Loop, Quadruple Layer"
3293,2021-04-24,"Adjustable Chin Wire 3D Face Mask, Abstract Lemon Leaves l Tri-Fold, Origami Shape, Over Head T Shirt Tie/Ear Loop, Quadruple Layer"
3297,2021-04-25,"Adjustable Chin Wire 3D Face Mask, Abstract Lemon Leaves l Tri-Fold, Origami Shape, Over Head T Shirt Tie/Ear Loop, Quadruple Layer"
3299,2021-04-25,"Adjustable Chin Wire 3D Face Mask, Blue Roses l Tri-Fold, Origami Shape, Over Head T Shirt Tie/Ear Loop, Quadruple Layer"
3313,2021-04-28,"Adjustable Chin Wire 3D Face Mask, Rainbow Monarch Butterflies l Tri-Fold, Origami Shape, Over Head T Shirt Tie/Ear Loop, Quadruple Layer"
3315,2021-04-28,"Adjustable Chin Wire 3D Face Mask, Monet Lily Flowers l Tri-Fold, Origami Shape, Over Head T Shirt Tie/Ear Loop, Quadruple Layer"
3320,2021-04-30,"Adjustable Chin Wire 3D Face Mask, Mesa Arizona Western Abstract l Tri-Fold, Origami Shape, Over Head T Shirt Tie/Ear Loop, Quadruple Layer"
3324,2021-05-02,"Adjustable Chin Wire 3D Face Mask, Colorful Cats l Tri-Fold, Origami Shape, Over Head T Shirt Tie/Ear Loop, Quadruple Layer"
3327,2021-05-02,"Adjustable Chin Wire 3D Face Mask, Millennial Lilac Purple l Tri-Fold, Origami Shape, Over Head T Shirt Tie/Ear Loop, Quadruple Layer"
3329,2021-05-02,"Adjustable Chin Wire 3D Face Mask, Sunshine Yellow l Tri-Fold, Origami Shape, Over Head T Shirt Tie/Ear Loop, Quadruple Layer"
3341,2021-05-05,"Adjustable Chin Wire 3D Face Mask, Cute Jumping Bunnies l Tri-Fold, Origami Shape, Over Head T Shirt Tie/Ear Loop, Quadruple Layer"
3342,2021-05-05,"Adjustable Chin Wire 3D Face Mask, Graphic Art Roses l Tri-Fold, Origami Shape, Over Head T Shirt Tie/Ear Loop, Quadruple Layer"
3343,2021-05-05,"Adjustable Chin Wire 3D Face Mask, Monet Lily Flowers l Tri-Fold, Origami Shape, Over Head T Shirt Tie/Ear Loop, Quadruple Layer"
3345,2021-05-05,"Adjustable Chin Wire 3D Face Mask, Millennial Lilac Purple l Tri-Fold, Origami Shape, Over Head T Shirt Tie/Ear Loop, Quadruple Layer"
3350,2021-05-05,"Adjustable Chin Wire 3D Face Mask, Art Deco Trees l Tri-Fold, Origami Shape, Over Head T Shirt Tie/Ear Loop, Quadruple Layer"
3351,2021-05-05,"Adjustable Chin Wire 3D Face Mask, Artsy Rainbow Abstract l Tri-Fold, Origami Shape, Over Head T Shirt Tie/Ear Loop, Quadruple Layer"
3352,2021-05-05,"Adjustable Chin Wire 3D Face Mask, Blue Roses l Tri-Fold, Origami Shape, Over Head T Shirt Tie/Ear Loop, Quadruple Layer"
3353,2021-05-05,"Adjustable Chin Wire 3D Face Mask, Abstract Lemon Leaves l Tri-Fold, Origami Shape, Over Head T Shirt Tie/Ear Loop, Quadruple Layer"
3371,2021-05-08,"Adjustable Chin Wire 3D Face Mask, Rainbow Monarch Butterflies l Tri-Fold, Origami Shape, Over Head T Shirt Tie/Ear Loop, Quadruple Layer"
3377,2021-05-10,"Adjustable Chin Wire 3D Face Mask, Spring Nature Green l Tri-Fold, Origami Shape, Over Head T Shirt Tie/Ear Loop, Quadruple Layer"
3378,2021-05-10,"Adjustable Chin Wire 3D Face Mask, Pantone 2021 Illuminating or Ultimate Gray  l Tri-Fold, Over Head T Shirt Tie/Ear Loop, Quadruple Layer"
3391,2021-05-11,"Adjustable Chin Wire 3D Face Mask, Cute Jumping Bunnies l Tri-Fold, Origami Shape, Over Head T Shirt Tie/Ear Loop, Quadruple Layer"
3396,2021-05-12,"Adjustable Chin Wire 3D Face Mask, Abstract Lemon Leaves l Tri-Fold, Origami Shape, Over Head T Shirt Tie/Ear Loop, Quadruple Layer"
3400,2021-05-13,"Adjustable Chin Wire 3D Face Mask, Colorful Cats l Tri-Fold, Origami Shape, Over Head T Shirt Tie/Ear Loop, Quadruple Layer"
3401,2021-05-13,"Adjustable Chin Wire 3D Face Mask, Spring Nature Green l Tri-Fold, Origami Shape, Over Head T Shirt Tie/Ear Loop, Quadruple Layer"
3402,2021-05-13,"Adjustable Chin Wire 3D Face Mask, Monet Lily Flowers l Tri-Fold, Origami Shape, Over Head T Shirt Tie/Ear Loop, Quadruple Layer"
3403,2021-05-13,"Adjustable Chin Wire 3D Face Mask, Pantone 2021 Illuminating or Ultimate Gray  l Tri-Fold, Over Head T Shirt Tie/Ear Loop, Quadruple Layer"
3404,2021-05-13,"Adjustable Chin Wire 3D Face Mask, Mesa Arizona Western Abstract l Tri-Fold, Origami Shape, Over Head T Shirt Tie/Ear Loop, Quadruple Layer"
3415,2021-05-17,"Adjustable Chin Wire 3D Face Mask, Hawaiian Birds of Paradise l Tri-Fold, Origami Shape, Over Head T Shirt Tie/Ear Loop, Quadruple Layer"
3419,2021-05-20,"Adjustable Chin Wire 3D Face Mask, Millennial Lilac Purple l Tri-Fold, Origami Shape, Over Head T Shirt Tie/Ear Loop, Quadruple Layer"
3420,2021-05-20,"Adjustable Chin Wire 3D Face Mask, Abstract Flying Girls l Tri-Fold, Origami Shape, Over Head T Shirt Tie/Ear Loop, Quadruple Layer"
3422,2021-05-20,"Adjustable Chin Wire 3D Face Mask, Pantone 2021 Illuminating or Ultimate Gray  l Tri-Fold, Over Head T Shirt Tie/Ear Loop, Quadruple Layer"
3423,2021-05-20,"Adjustable Chin Wire 3D Face Mask, Pantone 2021 Illuminating or Ultimate Gray  l Tri-Fold, Over Head T Shirt Tie/Ear Loop, Quadruple Layer"
3434,2021-05-24,"Adjustable Chin Wire 3D Face Mask, Graphic Art Roses l Tri-Fold, Origami Shape, Over Head T Shirt Tie/Ear Loop, Quadruple Layer"
3438,2021-05-26,"Adjustable Chin Wire 3D Face Mask, Playing Footballs l Tri-Fold, Origami Shape, Over Head T Shirt Tie/Ear Loop, Quadruple Layer"
3439,2021-05-26,"Adjustable Chin Wire 3D Face Mask, Abstract Black White Triangles l Tri-Fold, Origami Shape, Over Head T Shirt Tie/Ear Loop, Quadruple Layer"
3448,2021-05-30,"Adjustable Chin Wire 3D Face Mask, Spring Nature Green l Tri-Fold, Origami Shape, Over Head T Shirt Tie/Ear Loop, Quadruple Layer"
3451,2021-05-30,"Adjustable Chin Wire 3D Face Mask, Pantone 2021 Illuminating or Ultimate Gray  l Tri-Fold, Over Head T Shirt Tie/Ear Loop, Quadruple Layer"
3452,2021-05-30,"Adjustable Chin Wire 3D Face Mask, Millennial Lilac Purple l Tri-Fold, Origami Shape, Over Head T Shirt Tie/Ear Loop, Quadruple Layer"
3453,2021-05-30,"Adjustable Chin Wire 3D Face Mask, Aqua Teal Ocean l Tri-Fold, Origami Shape, Over Head T Shirt Tie/Ear Loop, Quadruple Layer"
3454,2021-05-30,"Adjustable Chin Wire 3D Face Mask, Vibrant Carrot Orange l Tri-Fold, Origami Shape, Over Head T Shirt Tie/Ear Loop, Quadruple Layer"
